,Stopwords?,References Preserved?,Training Algorithm,Ngrams?,Dimensions,Window,Minimum Count Threshold,Number of Training Epochs,Pearson Correlation Coefficient,Pearson Correlation Coefficient P-Value,Spearman Correlation Coefficient,Spearman Correlation Coefficient P-Value,Unknown Word Pairs,Overall Analogy Accuracy (%)
0,True,True,FastText,True,64,20,5,5,0.34473904348091977,0.1753830835997986,0.30037908953501297,0.2414142723912359,0.0,0.0
1,False,False,Word2Vec,True,128,8,20,20,0.42376190690599813,0.0900578316906054,0.4116306041776104,0.10066205365350644,0.0,5.0
2,True,True,FastText,True,256,20,50,20,0.19519686046009,0.5227762069990722,0.24305089747054784,0.42362919370839347,23.52941176470588,6.25
3,True,True,FastText,True,256,8,10,20,0.2509252631351254,0.33132455098837066,0.37825514978483116,0.13437474798646099,0.0,0.0
4,True,True,Word2Vec,True,128,20,50,5,0.3757343819485904,0.20579336092600986,0.3128931093873719,0.2979160959367903,23.52941176470588,12.5
5,True,False,Word2Vec,True,128,20,50,20,0.36896673488706244,0.21473749464812567,0.36876687892083126,0.21500520589752953,23.52941176470588,12.5
6,True,False,Word2Vec,True,128,8,10,20,0.43354738728605857,0.08211007816318572,0.38938030124909084,0.12237389697242082,0.0,9.523809523809524
7,True,True,FastText,True,128,20,50,5,0.31235477760303776,0.2987927652364106,0.2262887666105101,0.4572322368103827,23.52941176470588,0.0
8,True,True,FastText,True,128,20,50,20,0.29250198985906883,0.33214478307715645,0.2151140127038182,0.48032169937175884,23.52941176470588,0.0
9,False,True,Word2Vec,True,256,2,5,2,0.14243287745696356,0.5855284493716775,0.19407208665430878,0.4554434301838144,0.0,0.0
10,True,False,FastText,True,32,8,5,2,0.48296332998031305,0.049556564531799865,0.33128228804684556,0.1939710540270862,0.0,0.0
11,True,False,FastText,True,128,8,20,20,0.3282016619853255,0.19840156409830806,0.33375454392779214,0.19046290449656142,0.0,0.0
12,True,False,Word2Vec,True,64,20,50,20,0.4294685119008477,0.14304229952928446,0.4861017949410957,0.09213174972707554,23.52941176470588,18.75
13,True,True,FastText,True,32,2,20,2,0.44466454404827993,0.07371289760525215,0.34364356745157865,0.1768499969255497,0.0,5.0
14,True,False,FastText,True,256,8,20,8,0.27386334419256847,0.28748052540516145,0.3152126248206926,0.21780742039202328,0.0,0.0
15,False,True,FastText,True,256,8,5,20,0.22275831181706823,0.3901358681062539,0.3609493586182049,0.15462189697809428,0.0,0.0
16,True,True,Word2Vec,True,64,20,20,5,0.4020553496836997,0.10963909297630177,0.3943248130109841,0.11728882951144101,0.0,0.0
17,True,False,Word2Vec,True,64,8,50,20,0.3092117776118119,0.3039404697902654,0.37714794435085014,0.20395490810586414,23.52941176470588,0.0
18,False,False,Word2Vec,True,128,20,20,5,0.37720034078717224,0.13555333549949025,0.40792222035619047,0.10407419028715661,0.0,10.0
19,True,True,Word2Vec,True,128,8,20,20,0.4335652070378899,0.0820960865038349,0.38319966154672436,0.12894454888851256,0.0,0.0
20,False,True,Word2Vec,True,32,2,5,8,0.20249034790070206,0.4357309664155631,0.19654434253525538,0.4496082143105279,0.0,9.523809523809524
21,False,False,FastText,True,128,8,50,5,0.30887982035134753,0.30448708305789834,0.24025720899387487,0.42914187218689703,23.52941176470588,0.0
22,True,True,Word2Vec,True,32,8,5,2,0.31126295417518474,0.223942043891576,0.30037908953501297,0.2414142723912359,0.0,0.0
23,True,False,FastText,True,256,20,50,5,0.2522509569507772,0.4057285609764884,0.2262887666105101,0.4572322368103827,23.52941176470588,6.25
24,False,True,FastText,True,256,8,10,5,0.2776398803996161,0.2806162468201602,0.32139326452305916,0.20842679544350706,0.0,0.0
25,False,False,FastText,True,256,8,20,2,0.37395840593741225,0.13922039713937875,0.2991429615945396,0.2434514545873469,0.0,0.0
26,False,False,FastText,True,32,8,20,5,0.35815225103504605,0.1580787754187372,0.20890562193998843,0.4210105499998664,0.0,0.0
27,True,False,Word2Vec,True,64,20,10,5,0.4096141265440922,0.10250739332070596,0.44129767474896964,0.07618651960705085,0.0,19.047619047619047
28,False,False,Word2Vec,True,32,8,20,5,0.33315480559235167,0.19131006611654272,0.3646577424396248,0.15011857633807937,0.0,0.0
29,False,False,FastText,True,64,20,50,20,0.28945568016720863,0.3374372171523683,0.18717712793708854,0.54032138380796,23.52941176470588,0.0
30,False,True,Word2Vec,True,128,20,10,20,0.48067246963562915,0.05080698829770077,0.4623118497370158,0.061699291027176646,0.0,9.523809523809524
31,True,True,Word2Vec,True,256,20,50,5,0.3446931424422389,0.2487584500784452,0.3017183554806801,0.3164149939883433,23.52941176470588,18.75
32,True,True,FastText,True,128,20,10,5,0.3084643077775494,0.22835518329535315,0.30037908953501297,0.2414142723912359,0.0,0.0
33,False,False,FastText,True,32,2,20,5,0.3748553886841352,0.13819902418616417,0.24351720427324094,0.34626707182429683,0.0,0.0
34,True,False,Word2Vec,True,256,8,50,5,0.3451736522093942,0.2480555075483254,0.3408299941541016,0.2544531267377101,23.52941176470588,25.0
35,True,True,FastText,True,32,2,5,5,0.4116991662089515,0.10059972999437992,0.3300461601063723,0.19574094992634922,0.0,9.523809523809524
36,False,True,FastText,True,256,2,5,2,0.3563656260116769,0.1603140384478612,0.2496978439756075,0.333774118907858,0.0,0.0
37,False,False,FastText,True,256,2,5,2,0.35953571616153024,0.15636249642094935,0.24104494839229437,0.35133788656123344,0.0,0.0
38,False,False,FastText,True,64,20,20,20,0.303424361208292,0.23644154032101103,0.29296232189217314,0.25379918563566767,0.0,0.0
39,True,False,Word2Vec,True,256,20,10,5,0.40084332393530003,0.11081446177990974,0.37578289390388453,0.1371483446008381,0.0,0.0
40,True,False,FastText,True,128,20,50,20,0.2848025389860192,0.3456100536864705,0.2151140127038182,0.48032169937175884,23.52941176470588,0.0
41,True,True,Word2Vec,True,64,8,5,20,0.35019575802204167,0.1681973484631838,0.38814417330861756,0.12366888009268796,0.0,0.0
42,True,False,Word2Vec,True,256,8,50,20,0.2702886136694276,0.37178524265076757,0.24863827442389375,0.4127111259033551,23.52941176470588,18.75
43,False,False,Word2Vec,True,32,2,20,8,0.27169238507181603,0.2914719907384071,0.3077958571778528,0.2294173974746495,0.0,0.0
44,True,False,Word2Vec,True,32,2,20,8,0.29891416982565006,0.2438296940342117,0.3115042409992727,0.22356413891522944,0.0,0.0
45,True,False,FastText,True,256,8,50,5,0.28527638515417375,0.3447728901388674,0.2151140127038182,0.48032169937175884,23.52941176470588,0.0
46,True,False,Word2Vec,True,128,20,50,5,0.4078855399416476,0.1665002598897376,0.3520047480607934,0.2381909982343861,23.52941176470588,31.25
47,False,True,Word2Vec,True,256,20,50,20,0.5176969280467749,0.06997504860009614,0.5447692529512279,0.0542138805166993,23.52941176470588,12.5
48,True,False,FastText,True,64,8,50,5,0.35771826173108023,0.23012518367915263,0.2151140127038182,0.48032169937175884,23.52941176470588,0.0
49,True,True,Word2Vec,True,256,2,20,8,0.2307516956526626,0.3728987653701169,0.15946050432105627,0.5409842555353235,0.0,0.0
50,False,True,FastText,True,32,8,20,5,0.3998467443776028,0.11178755007692513,0.30285134541595954,0.2373722439549525,0.0,0.0
51,False,True,Word2Vec,True,128,8,50,20,0.3962770573531348,0.18008130385874893,0.3659731904441582,0.21876893908315168,23.52941176470588,0.0
52,True,False,FastText,True,128,8,50,5,0.31858040798529313,0.2887444087124707,0.2151140127038182,0.48032169937175884,23.52941176470588,0.0
53,False,True,Word2Vec,True,256,8,5,8,0.3160425796239471,0.21653223665322296,0.3609493586182049,0.15462189697809428,0.0,19.047619047619047
54,False,False,Word2Vec,True,256,8,20,20,0.436188537234486,0.08005512869781942,0.40544996447524384,0.10639414458196922,0.0,10.0
55,False,True,Word2Vec,True,32,8,5,5,0.3171003100087817,0.21491407495344245,0.2608229954398672,0.31195434688454726,0.0,0.0
56,True,False,FastText,True,64,20,50,5,0.32533956488492677,0.2780587367475769,0.2262887666105101,0.4572322368103827,23.52941176470588,0.0
57,False,False,FastText,True,128,8,5,20,0.2905989291405867,0.2578273429338606,0.32386552040400574,0.20474918256399632,0.0,4.761904761904762
58,False,True,Word2Vec,True,32,2,20,5,0.1766312188922277,0.4976702921255556,0.09765410729739105,0.709250768698244,0.0,0.0
59,True,True,Word2Vec,True,64,8,10,20,0.38101961635572673,0.13131958319613102,0.38443578948719764,0.1276112142187074,0.0,0.0
60,True,False,FastText,True,64,8,20,5,0.37890145158164396,0.13365611973930472,0.28430942630886,0.2687394538044364,0.0,0.0
61,True,False,FastText,True,256,8,20,2,0.40347422394720406,0.1082743714818733,0.3597132306777316,0.15614319789758951,0.0,0.0
62,False,False,FastText,True,256,8,5,20,0.21755106032956653,0.40159390514753596,0.3609493586182049,0.15462189697809428,0.0,0.0
63,False,True,Word2Vec,True,32,2,20,8,0.2365375966155894,0.3606905404728358,0.21879464546377486,0.3988412237770148,0.0,0.0
64,False,False,FastText,True,256,2,20,2,0.35606858882017783,0.16068772705151974,0.24104494839229437,0.35133788656123344,0.0,0.0
65,False,True,FastText,True,128,8,5,5,0.3027081846951923,0.23760512979174234,0.32139326452305916,0.20842679544350706,0.0,0.0
66,True,True,FastText,True,32,2,20,8,0.3795497241713996,0.13293797865192092,0.30161521747548625,0.23938787026165792,0.0,0.0
67,True,False,Word2Vec,True,256,8,20,20,0.3909996458929319,0.12069184498587454,0.37454676596341124,0.13854986038491204,0.0,15.0
68,False,False,Word2Vec,True,256,20,10,20,0.4937301122712909,0.043986689532173225,0.47838151296316883,0.05208096211640181,0.0,0.0
69,False,False,Word2Vec,True,256,20,5,5,0.3437411028076832,0.17671905991747106,0.30655972923737945,0.23138997127003452,0.0,0.0
70,False,True,FastText,True,256,8,5,2,0.39901005995762195,0.11260915920765302,0.27565653072554686,0.2842086675902563,0.0,0.0
71,True,True,FastText,True,256,8,20,5,0.3074327391054795,0.22999573455474542,0.33622679980873876,0.18699684807280295,0.0,0.0
72,True,False,FastText,True,128,20,10,5,0.2934817229246206,0.2529192108105838,0.3152126248206926,0.21780742039202328,0.0,0.0
73,True,False,Word2Vec,True,64,20,20,5,0.39096346619037,0.12072924782630622,0.3955609409514574,0.1160411304269952,0.0,5.0
74,False,False,Word2Vec,True,128,20,10,20,0.49570671821988094,0.04301778817673887,0.5389517820463606,0.025589769194847498,0.0,9.523809523809524
75,False,True,Word2Vec,True,32,8,5,8,0.31313736635914247,0.22101706946948055,0.27442040278507357,0.28646168628848345,0.0,0.0
76,True,True,Word2Vec,True,64,20,50,20,0.40382029703790134,0.17117889970499453,0.5084513027544794,0.07602424905917989,23.52941176470588,12.5
77,True,False,Word2Vec,True,32,2,20,5,0.2324808084020117,0.3692265842198215,0.23857269251134774,0.3564505801060388,0.0,0.0
78,False,False,FastText,True,64,20,5,20,0.30474325022445903,0.23430816641272112,0.30161521747548625,0.23938787026165792,0.0,0.0
79,False,True,FastText,True,64,8,50,5,0.35387323520696357,0.23553471031828024,0.2151140127038182,0.48032169937175884,23.52941176470588,0.0
80,False,True,Word2Vec,True,64,8,50,20,0.4166738173187102,0.15666917962660654,0.379941632827523,0.20035164490314877,23.52941176470588,0.0
81,True,True,FastText,True,128,8,50,5,0.33130612633865986,0.26882044570297425,0.2151140127038182,0.48032169937175884,23.52941176470588,0.0
82,True,False,Word2Vec,True,64,20,5,5,0.3416898522182369,0.1794864165309286,0.3560048468563117,0.16076799456829696,0.0,0.0
83,True,True,Word2Vec,True,64,8,50,5,0.24291987360324505,0.4238869422633689,0.2458445859472208,0.4181522025675688,23.52941176470588,0.0
84,True,False,FastText,True,256,20,10,5,0.23667067843199824,0.36041241246041145,0.255878483677974,0.32154562935351005,0.0,4.761904761904762
85,True,True,FastText,True,128,8,10,5,0.33742885603732864,0.18532676052621258,0.32881003216589894,0.19752141181421173,0.0,0.0
86,True,False,FastText,True,256,20,5,5,0.2697412420546314,0.2950876218482507,0.3152126248206926,0.21780742039202328,0.0,4.761904761904762
87,False,True,Word2Vec,True,128,8,50,5,0.3235513144526709,0.2808630920428917,0.2598130283305856,0.3913103104854949,23.52941176470588,25.0
88,True,True,Word2Vec,True,256,8,20,8,0.33755338202981255,0.18515431585822442,0.28307329836838674,0.27091697022023004,0.0,15.0
89,True,False,Word2Vec,True,128,20,10,20,0.48847715635753175,0.04664172024564191,0.48827053648695523,0.04674856319926273,0.0,9.523809523809524
90,True,True,Word2Vec,True,128,20,50,20,0.40294630552871724,0.17219563874026966,0.3939100752108879,0.18293420528996493,23.52941176470588,25.0
91,True,False,FastText,True,256,8,5,5,0.3035861665286937,0.23617915190218008,0.2991429615945396,0.2434514545873469,0.0,0.0
92,False,False,Word2Vec,True,128,8,20,5,0.32400881644783963,0.20453732654286363,0.341171311570632,0.18019052420684087,0.0,0.0
93,False,True,Word2Vec,True,128,20,50,20,0.37338568527588256,0.20887072344087684,0.32965524024740966,0.27135831446558023,23.52941176470588,12.5
94,True,True,FastText,True,64,8,5,5,0.36332841014555683,0.15172244102306973,0.28430942630886,0.2687394538044364,0.0,0.0
95,True,True,Word2Vec,True,32,2,5,5,0.11401147096908498,0.6630537773381829,0.11001538670212409,0.6742414807113442,0.0,0.0
96,True,False,FastText,True,64,8,10,20,0.3688333321813848,0.14515605405132875,0.3349906718682655,0.18872462207682716,0.0,0.0
97,False,True,Word2Vec,True,64,8,5,5,0.3410324543937696,0.1803793848082548,0.3597132306777316,0.15614319789758951,0.0,4.761904761904762
98,False,False,Word2Vec,True,64,8,50,20,0.376368294354595,0.2049676376487651,0.3520047480607934,0.2381909982343861,23.52941176470588,6.25
99,False,False,FastText,True,256,20,5,20,0.1864760379526327,0.47360840900270273,0.36342161449915145,0.15160960895351755,0.0,4.761904761904762
100,True,False,Word2Vec,True,256,2,20,2,0.219890356678365,0.3964243199618099,0.255878483677974,0.32154562935351005,0.0,0.0
101,True,True,Word2Vec,True,64,20,50,5,0.33885974677220787,0.2573870758495853,0.3380363056774286,0.2586192064093511,23.52941176470588,6.25
102,False,False,Word2Vec,True,256,2,20,5,0.2194350216957588,0.39742772782573116,0.18665531901146895,0.4731756162555435,0.0,0.0
103,False,True,Word2Vec,True,256,20,10,20,0.5257598342521884,0.030187479606519654,0.5068124555940549,0.03787081672451356,0.0,14.285714285714285
104,False,True,FastText,True,64,8,20,20,0.3287497635188868,0.19760849037668154,0.30037908953501297,0.2414142723912359,0.0,5.0
105,True,True,FastText,True,64,8,50,5,0.39906777230614626,0.17675419389740835,0.2151140127038182,0.48032169937175884,23.52941176470588,0.0
106,False,False,FastText,True,128,20,10,20,0.27218270697305175,0.29056759644306857,0.3609493586182049,0.15462189697809428,0.0,0.0
107,True,True,Word2Vec,True,256,20,20,5,0.38891747312209385,0.12285764549888487,0.39926932477287724,0.11235411160740566,0.0,10.0
108,True,True,FastText,True,128,8,10,20,0.3217304483942196,0.20792270905069246,0.341171311570632,0.18019052420684087,0.0,0.0
109,True,False,FastText,True,32,2,20,2,0.46017237867285105,0.06307274696421487,0.341171311570632,0.18019052420684087,0.0,5.0
110,True,True,FastText,True,64,8,50,20,0.3441274083120552,0.24958759365545755,0.17320868555372373,0.5714667481008082,23.52941176470588,0.0
111,True,False,Word2Vec,True,128,8,20,20,0.3957627208268421,0.11583835183047159,0.39185255713003747,0.11981244924243752,0.0,20.0
112,True,True,FastText,True,64,20,20,5,0.3097818499189798,0.2262707166972684,0.3164487527611659,0.21590992950317572,0.0,0.0
113,True,True,Word2Vec,True,32,2,20,2,0.27730721073880904,0.28121687101071446,0.36342161449915145,0.15160960895351755,0.0,0.0
114,False,True,FastText,True,256,8,20,8,0.25564865879414683,0.3219955874360729,0.3152126248206926,0.21780742039202328,0.0,0.0
115,False,False,FastText,True,64,20,5,5,0.2562224697465383,0.32087285057114345,0.2571146116184473,0.31913181426004944,0.0,0.0
116,True,False,FastText,True,32,2,5,2,0.45558353396639706,0.06609469296347861,0.32757390422542565,0.19931245314233148,0.0,0.0
117,True,True,FastText,True,32,8,20,8,0.439421285249884,0.07759110378725438,0.312740368939746,0.22163451653898986,0.0,0.0
118,True,True,Word2Vec,True,32,2,5,2,0.31837781293812206,0.2129701284247539,0.34858807921347185,0.17029351877760016,0.0,0.0
119,True,False,Word2Vec,True,256,8,20,2,0.4533154154419103,0.06762715556019291,0.4660202335584357,0.059371309894850385,0.0,0.0
120,True,True,FastText,True,256,2,5,2,0.3990962611858125,0.11252431484154861,0.36712999832057136,0.1471666177374228,0.0,0.0
121,False,True,FastText,True,64,8,5,20,0.32263303666531995,0.20657724763510263,0.3077958571778528,0.2294173974746495,0.0,0.0
122,True,False,FastText,True,128,20,20,5,0.30837915670645727,0.22849031957558377,0.29172619395169985,0.2559011137464907,0.0,0.0
123,False,False,Word2Vec,True,32,2,5,2,0.20177478145349254,0.43738918907910956,0.2806010424874401,0.27530438526693324,0.0,0.0
124,False,False,Word2Vec,True,64,8,20,5,0.33897031345981615,0.18319962039304613,0.3300461601063723,0.19574094992634922,0.0,5.0
125,True,True,FastText,True,32,8,20,2,0.4830482776881202,0.04951064580665346,0.32757390422542565,0.19931245314233148,0.0,0.0
126,False,False,Word2Vec,True,256,20,10,5,0.39165465484084616,0.12001609527310865,0.38319966154672436,0.12894454888851256,0.0,4.761904761904762
127,True,True,Word2Vec,True,32,8,20,8,0.2609429660886967,0.31172375198615615,0.23857269251134774,0.3564505801060388,0.0,0.0
128,False,False,Word2Vec,True,256,8,20,5,0.37545954818292815,0.13751400289615656,0.3943248130109841,0.11728882951144101,0.0,10.0
129,False,True,FastText,True,256,20,50,20,0.19918170279358094,0.5141527644930571,0.229082455087183,0.4515447225054908,23.52941176470588,6.25
130,False,True,Word2Vec,True,256,20,5,20,0.4463084075297247,0.0725267464445176,0.4252280115228167,0.0888331197971482,0.0,9.523809523809524
131,False,False,FastText,True,64,8,5,5,0.3050423975588627,0.23382598449489553,0.24228107633276766,0.3487972357694308,0.0,0.0
132,True,False,FastText,True,256,8,50,20,0.2520661595270487,0.40608426214493193,0.2151140127038182,0.48032169937175884,23.52941176470588,0.0
133,False,True,Word2Vec,True,64,8,20,5,0.44999110314356333,0.06992028505016364,0.4215196277013968,0.09195437754906699,0.0,0.0
134,True,False,FastText,True,256,2,20,8,0.21787001984783824,0.4008869149788061,0.27442040278507357,0.28646168628848345,0.0,0.0
135,False,False,FastText,True,256,8,5,8,0.2440487457497461,0.34518231647668846,0.35229646303489176,0.16548458262047802,0.0,0.0
136,True,False,FastText,True,128,8,20,5,0.35320034583049603,0.1643264692721572,0.29172619395169985,0.2559011137464907,0.0,0.0
137,False,False,Word2Vec,True,64,20,10,20,0.4281614261376632,0.08641882502647188,0.4684924894393824,0.05785597790244288,0.0,0.0
138,True,False,FastText,True,256,2,5,2,0.3714155613503258,0.14214412376733893,0.35847710273725825,0.15767463322576775,0.0,0.0
139,False,False,FastText,True,128,20,10,5,0.2597300424456591,0.31405974062864095,0.3349906718682655,0.18872462207682716,0.0,0.0
140,False,True,FastText,True,64,20,50,20,0.28465236890510104,0.34587559645339017,0.18717712793708854,0.54032138380796,23.52941176470588,12.5
141,True,False,Word2Vec,True,256,8,5,5,0.3308437552508636,0.19459773964142446,0.3090319851183261,0.2274555720392051,0.0,14.285714285714285
142,True,True,FastText,True,32,8,5,2,0.47961872718848214,0.051390027960655636,0.3424074395111053,0.17851505507444027,0.0,0.0
143,True,False,Word2Vec,True,128,8,50,20,0.30421573092225823,0.312226061174418,0.4078785175942527,0.16650827015934988,23.52941176470588,25.0
144,True,False,Word2Vec,True,256,8,5,8,0.3447096853901072,0.1754222896420974,0.26700363514223374,0.30020577343604743,0.0,4.761904761904762
145,False,False,Word2Vec,True,128,20,50,20,0.4278520708517602,0.14471934536662126,0.41905327150094457,0.1540736620541603,23.52941176470588,0.0
146,False,True,FastText,True,256,8,20,5,0.29042140425016055,0.2581315095043375,0.32386552040400574,0.20474918256399632,0.0,0.0
147,True,False,Word2Vec,True,256,20,20,20,0.46953939037056075,0.05722304013156404,0.45489508209417595,0.06655711423336363,0.0,10.0
148,False,True,FastText,True,64,20,20,5,0.27683136090365373,0.2820773595456294,0.3424074395111053,0.17851505507444027,0.0,0.0
149,False,True,Word2Vec,True,128,20,20,5,0.3936117254778656,0.11801286425650549,0.4066860924157171,0.10522962591810442,0.0,0.0
150,True,True,FastText,True,64,8,20,5,0.39592707143905803,0.11567337209882153,0.32139326452305916,0.20842679544350706,0.0,0.0
151,True,True,Word2Vec,True,32,2,20,8,0.12057341776968893,0.6448286369749394,0.12484892198780374,0.6330551346982362,0.0,0.0
152,True,False,FastText,True,32,8,5,8,0.4433892282440347,0.0746428490803187,0.30037908953501297,0.2414142723912359,0.0,0.0
153,False,False,FastText,True,32,8,20,8,0.3231212495946777,0.20585184773547413,0.20890562193998843,0.4210105499998664,0.0,5.0
154,True,False,Word2Vec,True,256,2,5,5,0.21560870138628463,0.4059136850987362,0.23733656457087446,0.3590225874276378,0.0,0.0
155,True,True,FastText,True,256,2,20,8,0.2442960098825961,0.34467836879963204,0.312740368939746,0.22163451653898986,0.0,0.0
156,False,False,Word2Vec,True,128,8,5,5,0.3523240469750089,0.16544915916369854,0.398033196832404,0.11357380217556456,0.0,9.523809523809524
157,False,False,FastText,True,256,2,20,5,0.2680394681298564,0.29826301500945684,0.32139326452305916,0.20842679544350706,0.0,0.0
158,False,True,FastText,True,128,8,20,20,0.30412392797670457,0.23530842713165964,0.35229646303489176,0.16548458262047802,0.0,5.0
159,False,True,Word2Vec,True,256,2,5,5,0.1536711006792537,0.5559576703618618,0.1149598984640173,0.6604082499539958,0.0,0.0
160,False,True,Word2Vec,True,64,20,10,5,0.34721633935994506,0.17209586009899724,0.34487969539205193,0.17519533225678144,0.0,0.0
161,True,True,Word2Vec,True,256,20,20,20,0.47056577920521314,0.05660752024308704,0.42399188358234335,0.08986492074151081,0.0,0.0
162,False,True,FastText,True,64,8,20,5,0.3697670422687195,0.14406196187788334,0.3152126248206926,0.21780742039202328,0.0,0.0
163,False,True,Word2Vec,True,256,8,10,20,0.48467403282670013,0.04863797869214534,0.4808537688441154,0.050707176700955855,0.0,0.0
164,True,True,FastText,True,256,20,5,5,0.2641613330085543,0.3055753534417256,0.32386552040400574,0.20474918256399632,0.0,0.0
165,False,False,Word2Vec,True,256,2,5,8,0.18952309451849203,0.4662792612063645,0.15451599255916304,0.553761249433171,0.0,0.0
166,False,True,FastText,True,128,20,10,5,0.2873731918746234,0.26338898409671885,0.3658938703800981,0.14863758711556335,0.0,0.0
167,True,False,FastText,True,128,20,5,5,0.29531575110358094,0.2498272276487844,0.2991429615945396,0.2434514545873469,0.0,0.0
168,False,True,Word2Vec,True,32,8,20,8,0.34537438301587964,0.17453605785617526,0.2496978439756075,0.333774118907858,0.0,0.0
169,True,False,FastText,True,64,8,50,20,0.3413773124214487,0.2536416483061119,0.2151140127038182,0.48032169937175884,23.52941176470588,12.5
170,True,False,Word2Vec,True,32,8,20,2,0.38490781427300624,0.12710461272032025,0.39926932477287724,0.11235411160740566,0.0,0.0
171,True,True,Word2Vec,True,128,8,5,5,0.3258286799620035,0.20185916812251672,0.2657675072017604,0.3025340574823844,0.0,14.285714285714285
172,False,True,Word2Vec,True,128,20,10,5,0.3410845448612896,0.180308520780775,0.35847710273725825,0.15767463322576775,0.0,4.761904761904762
173,False,True,Word2Vec,True,64,20,5,20,0.4100693170077975,0.10208874571420065,0.38814417330861756,0.12366888009268796,0.0,0.0
174,False,True,Word2Vec,True,256,8,5,5,0.299046785104598,0.2436104089279834,0.34735195127299856,0.17191711157059128,0.0,0.0
175,False,True,FastText,True,256,20,5,5,0.2732186403959669,0.28866239420965684,0.3720745100824646,0.14138245680173503,0.0,0.0
176,True,True,FastText,True,32,8,5,5,0.4606672671760561,0.06275305672474343,0.3300461601063723,0.19574094992634922,0.0,0.0
177,True,True,FastText,True,256,20,20,20,0.2053025748222691,0.42924561327437727,0.34982420715394513,0.1686802459180893,0.0,0.0
178,False,False,Word2Vec,True,256,20,20,5,0.3733002281133846,0.13997315006398242,0.4029777085942972,0.10875056063021406,0.0,10.0
179,False,True,Word2Vec,True,64,20,10,20,0.45522550030944664,0.06633488140558091,0.4499505703322828,0.06994859257576042,0.0,0.0
180,True,False,Word2Vec,True,32,8,5,5,0.3757155429124448,0.13722445362947863,0.30161521747548625,0.23938787026165792,0.0,0.0
181,True,True,Word2Vec,True,64,8,20,5,0.26261875371458726,0.3085132594574788,0.22250302928519478,0.3906934020932482,0.0,10.0
182,False,False,Word2Vec,True,64,8,5,5,0.32296220860518193,0.20608797287075195,0.3300461601063723,0.19574094992634922,0.0,14.285714285714285
183,False,False,FastText,True,32,2,20,2,0.4047770259642066,0.1070319294421142,0.23486430868992783,0.3641978311641618,0.0,0.0
184,False,False,Word2Vec,True,64,20,50,20,0.42971704575967173,0.14278558335500152,0.42743433693096344,0.1451548258224122,23.52941176470588,0.0
185,False,True,Word2Vec,True,256,2,5,8,0.2040006302332072,0.4322417921857043,0.0877650837736046,0.7376637749360994,0.0,0.0
186,True,True,Word2Vec,True,128,20,5,20,0.42657392136999916,0.08771942890910513,0.38814417330861756,0.12366888009268796,0.0,9.523809523809524
187,True,True,FastText,True,256,2,20,5,0.2502733154111467,0.3326243474089234,0.29790683365406634,0.24549942067393601,0.0,0.0
188,False,False,FastText,True,128,8,20,20,0.2979720249161328,0.24539114504186085,0.32386552040400574,0.20474918256399632,0.0,5.0
189,True,False,FastText,True,32,8,5,5,0.44003573429444054,0.07712909187730746,0.29296232189217314,0.25379918563566767,0.0,0.0
190,True,False,FastText,True,32,2,20,5,0.39404341924999664,0.11757416933055442,0.31892100864211254,0.21214701629043492,0.0,0.0
191,True,False,Word2Vec,True,64,20,10,20,0.45957361864620117,0.06346114503188645,0.47096474532032895,0.056369598031231725,0.0,14.285714285714285
192,True,True,Word2Vec,True,32,8,20,5,0.3593995514270599,0.15653085378504605,0.35353259097536505,0.1639021526345442,0.0,0.0
193,True,True,Word2Vec,True,32,8,20,2,0.4642354340207405,0.06048345137564363,0.4561312100346493,0.06572852361858994,0.0,0.0
194,True,False,FastText,True,128,8,10,5,0.3498461683837356,0.168651677461307,0.2991429615945396,0.2434514545873469,0.0,0.0
195,False,False,FastText,True,64,8,50,20,0.3249590394392675,0.2786541103133542,0.18717712793708854,0.54032138380796,23.52941176470588,0.0
196,True,True,Word2Vec,True,256,8,10,5,0.3548991310124714,0.1621646931327792,0.30037908953501297,0.2414142723912359,0.0,0.0
197,False,True,FastText,True,32,8,5,2,0.43513719226430003,0.08086859703901425,0.3102681130587994,0.22550448823276031,0.0,0.0
198,True,False,Word2Vec,True,256,20,50,20,0.3319075401177751,0.2678993834640918,0.3156867978640449,0.29339024923549306,23.52941176470588,31.25
199,True,True,Word2Vec,True,128,8,10,20,0.4311812369029645,0.08398333919920999,0.46725636149890903,0.05861000490468314,0.0,0.0
200,True,False,Word2Vec,True,128,20,20,20,0.44842132126716927,0.07102275895726769,0.442533802689443,0.07527140660912708,0.0,15.0
201,False,False,FastText,True,256,20,50,5,0.2635877362768104,0.38421434267040133,0.24025720899387487,0.42914187218689703,23.52941176470588,0.0
202,True,True,FastText,True,256,20,20,5,0.2690119246195689,0.2964459847559698,0.2991429615945396,0.2434514545873469,0.0,5.0
203,False,True,Word2Vec,True,64,20,50,20,0.41708935452362295,0.15621388148874812,0.3743542558741771,0.20759822697789979,23.52941176470588,0.0
204,True,False,FastText,True,64,20,20,20,0.3149398718131374,0.21822754476864037,0.2768926586660202,0.2819664239709679,0.0,0.0
205,False,False,FastText,True,256,20,20,20,0.1925074014662036,0.4591561491159361,0.35476871891583833,0.16232996349106865,0.0,0.0
206,True,True,FastText,True,128,8,20,5,0.3496672241672838,0.16888455329296695,0.32881003216589894,0.19752141181421173,0.0,0.0
207,False,False,Word2Vec,True,256,8,5,8,0.37611577233549565,0.13677260811144634,0.38072740566577773,0.131640221387647,0.0,4.761904761904762
208,True,True,FastText,True,256,20,5,20,0.21031215878386686,0.41781850309540053,0.38814417330861756,0.12366888009268796,0.0,0.0
209,True,True,Word2Vec,True,128,8,10,5,0.33840585899186215,0.18397665270245972,0.3090319851183261,0.2274555720392051,0.0,9.523809523809524
210,True,True,FastText,True,256,2,5,8,0.22462063634176183,0.386081703960638,0.29790683365406634,0.24549942067393601,0.0,0.0
211,True,False,Word2Vec,True,32,8,5,8,0.29604811626017546,0.2485991736293457,0.24351720427324094,0.34626707182429683,0.0,0.0
212,False,True,Word2Vec,True,256,20,20,20,0.5104193103229457,0.03630445598087115,0.4907427923679018,0.045482188299014306,0.0,15.0
213,False,False,FastText,True,64,8,5,20,0.335679183570361,0.18776097260148478,0.3386990556896854,0.18357276364484984,0.0,0.0
214,False,False,FastText,True,256,8,20,8,0.2755464536864084,0.2844088616555685,0.35724097479678496,0.1592162249095821,0.0,0.0
215,True,True,FastText,True,128,20,5,5,0.29280197908192923,0.25407122520751,0.29172619395169985,0.2559011137464907,0.0,4.761904761904762
216,False,False,FastText,True,128,8,10,5,0.3249594836926052,0.20313542861960684,0.3152126248206926,0.21780742039202328,0.0,0.0
217,False,True,FastText,True,64,20,20,20,0.2949709807855466,0.2504066614076223,0.2855455542493333,0.2665727339410934,0.0,5.0
218,True,True,FastText,True,128,8,20,20,0.34485710637691014,0.17522547649195114,0.34487969539205193,0.17519533225678144,0.0,0.0
219,False,True,Word2Vec,True,64,8,20,20,0.4131886158655929,0.09925258922303028,0.4351170350466031,0.08088425194674034,0.0,0.0
220,False,False,Word2Vec,True,64,8,10,20,0.4006892102806812,0.11096454994261233,0.4029777085942972,0.10875056063021406,0.0,0.0
221,False,False,FastText,True,32,8,20,2,0.40263899017521426,0.10907626237384502,0.24722558809466086,0.3387396645247852,0.0,0.0
222,False,True,Word2Vec,True,256,20,5,5,0.3730678220803456,0.14023961948845462,0.38319966154672436,0.12894454888851256,0.0,0.0
223,False,True,Word2Vec,True,128,8,5,20,0.46497541683961474,0.060020495412992154,0.4499505703322828,0.06994859257576042,0.0,0.0
224,False,True,FastText,True,64,8,10,20,0.34340181304281475,0.17717482077445124,0.30037908953501297,0.2414142723912359,0.0,0.0
225,False,True,Word2Vec,True,256,2,20,8,0.23572273399065977,0.36239615267412484,0.1409185852139567,0.5895623398605061,0.0,0.0
226,True,False,Word2Vec,True,128,20,5,20,0.46257779091071616,0.061530128208286905,0.48208989678458875,0.05003055694166164,0.0,9.523809523809524
227,False,False,FastText,True,32,8,5,5,0.3800143471423128,0.1324249284179741,0.26205912338034054,0.30958321926085586,0.0,0.0
228,False,True,FastText,True,256,2,20,8,0.22821773118562652,0.3783166685115228,0.31892100864211254,0.21214701629043492,0.0,0.0
229,False,False,Word2Vec,True,64,8,20,20,0.41802591896194324,0.09496637328684746,0.4499505703322828,0.06994859257576042,0.0,0.0
230,False,True,FastText,True,64,8,50,20,0.3178774017626571,0.28986919770031355,0.17320868555372373,0.5714667481008082,23.52941176470588,0.0
231,False,True,Word2Vec,True,32,2,20,2,0.18862139847433645,0.46844223109597677,0.2002527263566753,0.44092712693138314,0.0,0.0
232,False,False,FastText,True,32,8,5,8,0.3569894649462817,0.1595311316214148,0.27318427484460023,0.2887254752337663,0.0,0.0
233,True,True,FastText,True,32,8,5,8,0.42934904966927406,0.08545499021032398,0.29296232189217314,0.25379918563566767,0.0,0.0
234,True,False,Word2Vec,True,64,8,20,20,0.329380717123498,0.19669810956969064,0.2954345777731197,0.24962771770731426,0.0,5.0
235,True,True,FastText,True,64,20,50,5,0.2814220804091989,0.35161453425972833,0.17320868555372373,0.5714667481008082,23.52941176470588,0.0
236,False,False,Word2Vec,True,32,2,20,2,0.21460536444309997,0.4081547879594678,0.24598946015418757,0.3412382703128589,0.0,0.0
237,True,True,FastText,True,64,8,10,20,0.3746343651050029,0.1384502170505045,0.32633777628495236,0.2011140869817576,0.0,0.0
238,False,True,Word2Vec,True,128,20,20,20,0.4846518469473843,0.04864980923060577,0.43635316298707644,0.07992829197265709,0.0,0.0
239,False,False,FastText,True,128,20,5,20,0.2847243689974773,0.26801092669197785,0.32386552040400574,0.20474918256399632,0.0,0.0
240,True,False,Word2Vec,True,256,2,20,8,0.24910484931772137,0.33496129985810297,0.17676629548768252,0.4973362591720629,0.0,0.0
241,False,True,FastText,True,256,20,50,5,0.2598324523053105,0.391273622745478,0.27936884766729636,0.35528895180413633,23.52941176470588,0.0
242,False,True,FastText,True,32,2,5,5,0.3991063217826258,0.11251441554554897,0.30161521747548625,0.23938787026165792,0.0,0.0
243,True,False,FastText,True,256,20,5,20,0.251939905254895,0.32930750844755025,0.3955609409514574,0.1160411304269952,0.0,0.0
244,False,True,Word2Vec,True,256,8,20,8,0.3564675564293784,0.1601859402107375,0.37454676596341124,0.13854986038491204,0.0,0.0
245,True,False,Word2Vec,True,256,20,20,5,0.3803965540953924,0.1320039148508214,0.4116306041776104,0.10066205365350644,0.0,25.0
246,False,True,FastText,True,32,2,20,2,0.4387443880851817,0.07810240296279011,0.2509339719160808,0.3313072081208417,0.0,0.0
247,True,True,Word2Vec,True,256,2,5,5,0.20534521838444983,0.4291476604998352,0.1693495278448427,0.515834192866915,0.0,0.0
248,True,False,Word2Vec,True,256,20,50,5,0.32930761725067764,0.2718944899120438,0.3156867978640449,0.29339024923549306,23.52941176470588,31.25
249,True,False,Word2Vec,True,32,2,20,2,0.2375468769120801,0.3585842553998093,0.2546423557375007,0.32397008853261455,0.0,0.0
250,False,True,Word2Vec,True,256,8,5,2,0.3907930593890595,0.12090552481865866,0.44129767474896964,0.07618651960705085,0.0,0.0
251,False,False,Word2Vec,True,256,8,5,20,0.47944643937114767,0.05148583003078907,0.46972861737985566,0.057109188948783376,0.0,4.761904761904762
252,False,False,Word2Vec,True,32,8,5,8,0.3441023866643548,0.17623461554248931,0.32633777628495236,0.2011140869817576,0.0,0.0
253,True,False,Word2Vec,True,256,8,10,20,0.37565592315154234,0.13729185042038364,0.4190473718204502,0.09407854205698007,0.0,9.523809523809524
254,False,True,FastText,True,128,20,20,20,0.23959325935883513,0.35433495289848005,0.3164487527611659,0.21590992950317572,0.0,5.0
255,False,False,FastText,True,64,20,10,20,0.3008416739272428,0.24065468919509925,0.29790683365406634,0.24549942067393601,0.0,0.0
256,False,True,FastText,True,256,8,5,5,0.2835855515379933,0.2700132944200565,0.3300461601063723,0.19574094992634922,0.0,0.0
257,False,True,FastText,True,128,8,50,20,0.2684714493093996,0.37513449512184993,0.2151140127038182,0.48032169937175884,23.52941176470588,0.0
258,False,False,FastText,True,32,2,20,8,0.3545111062070204,0.16265676863482634,0.29667070571359305,0.24755817405382208,0.0,0.0
259,True,False,Word2Vec,True,32,2,5,5,0.10690233126254813,0.6830020821487387,0.08158444407123809,0.7555890239658646,0.0,0.0
260,True,True,FastText,True,256,20,10,5,0.25858900652630296,0.31626666524839225,0.3152126248206926,0.21780742039202328,0.0,4.761904761904762
261,False,False,FastText,True,32,2,5,2,0.41329346051510313,0.09915824987408232,0.2249752851661414,0.38531227745703467,0.0,0.0
262,True,True,Word2Vec,True,128,8,50,20,0.40395412102077866,0.17102355857796117,0.4330217138843094,0.1394008259774173,23.52941176470588,12.5
263,False,False,Word2Vec,True,256,2,20,2,0.2286915183006648,0.37730037335713634,0.2608229954398672,0.31195434688454726,0.0,0.0
264,False,False,Word2Vec,True,256,2,20,8,0.2056687556865591,0.4284048707173087,0.12361279404733043,0.6364506783338719,0.0,0.0
265,True,False,Word2Vec,True,256,8,20,5,0.3514029307312878,0.16663482680695513,0.3683661262610447,0.14570564434227606,0.0,15.0
266,True,False,FastText,True,256,20,10,20,0.22093095022105036,0.3941363461468256,0.3609493586182049,0.15462189697809428,0.0,4.761904761904762
267,False,False,FastText,True,32,2,5,8,0.3698118106612928,0.14400964630304744,0.2768926586660202,0.2819664239709679,0.0,0.0
268,False,False,Word2Vec,True,256,20,50,5,0.2746246919360942,0.3638577907141238,0.2821625361439693,0.3502945057522001,23.52941176470588,6.25
269,True,False,Word2Vec,True,64,8,10,20,0.3942390099968379,0.11737578414224008,0.43635316298707644,0.07992829197265709,0.0,0.0
270,True,False,FastText,True,256,8,10,20,0.25815144914012295,0.3171153748797013,0.341171311570632,0.18019052420684087,0.0,4.761904761904762
271,True,False,Word2Vec,True,256,8,20,8,0.3591910598756214,0.15678887620940551,0.2991429615945396,0.2434514545873469,0.0,5.0
272,False,True,FastText,True,64,20,50,5,0.2781684359664898,0.35744674221844575,0.2234950781338371,0.46295395977743314,23.52941176470588,0.0
273,False,True,FastText,True,128,8,10,5,0.28884052924606696,0.26084996296388696,0.2806010424874401,0.27530438526693324,0.0,0.0
274,False,True,Word2Vec,True,64,20,20,5,0.3459527638363765,0.17376735043611208,0.37949127772530444,0.13300261432328145,0.0,0.0
275,True,True,Word2Vec,True,256,2,20,5,0.21789871090026028,0.4008233526339252,0.20519723811856852,0.4294876228318424,0.0,0.0
276,False,True,Word2Vec,True,256,20,50,5,0.35081564557381106,0.2398908330070524,0.3743542558741771,0.20759822697789979,23.52941176470588,6.25
277,False,True,FastText,True,256,2,5,8,0.22655119256256703,0.3819034446692423,0.32139326452305916,0.20842679544350706,0.0,0.0
278,False,True,Word2Vec,True,256,8,50,20,0.41047507016840024,0.16356330052223628,0.4162595830242716,0.15712390550138017,23.52941176470588,18.75
279,True,True,Word2Vec,True,256,20,10,20,0.4961365673761053,0.04280923642605515,0.4561312100346493,0.06572852361858994,0.0,4.761904761904762
280,True,True,FastText,True,64,8,5,20,0.3631659153877043,0.15191929211858962,0.30037908953501297,0.2414142723912359,0.0,0.0
281,True,True,FastText,True,64,20,10,5,0.33890696975622453,0.1832867111654027,0.27565653072554686,0.2842086675902563,0.0,0.0
282,False,False,Word2Vec,True,256,8,10,5,0.3242607900650182,0.2041651425388087,0.3152126248206926,0.21780742039202328,0.0,0.0
283,False,False,FastText,True,128,20,5,5,0.2732114124608101,0.2886756610361402,0.3399351836301587,0.1818764214684005,0.0,0.0
284,True,False,Word2Vec,True,128,8,5,20,0.4123548154302367,0.10000512711083927,0.4029777085942972,0.10875056063021406,0.0,4.761904761904762
285,False,True,FastText,True,32,2,20,8,0.3992109113409211,0.11241153926778337,0.2694758910231803,0.295581408570781,0.0,0.0
286,True,True,Word2Vec,True,256,8,50,20,0.2925285906867676,0.332098772036764,0.3128931093873719,0.2979160959367903,23.52941176470588,12.5
287,True,True,Word2Vec,True,256,8,10,20,0.4033423317405824,0.10840071998270807,0.4029777085942972,0.10875056063021406,0.0,4.761904761904762
288,False,True,Word2Vec,True,64,20,5,5,0.33911073322710183,0.18300665624099302,0.3300461601063723,0.19574094992634922,0.0,0.0
289,False,True,Word2Vec,True,256,20,10,5,0.32382670890421855,0.2048065880044926,0.3090319851183261,0.2274555720392051,0.0,4.761904761904762
290,False,True,FastText,True,256,20,10,5,0.24454728334715378,0.3441666806910828,0.2855455542493333,0.2665727339410934,0.0,0.0
291,False,True,Word2Vec,True,128,20,5,5,0.36309815545942004,0.1520014299731277,0.39185255713003747,0.11981244924243752,0.0,4.761904761904762
292,False,False,Word2Vec,True,64,20,5,5,0.3587962882459034,0.15727822342689332,0.35353259097536505,0.1639021526345442,0.0,0.0
293,False,False,Word2Vec,True,128,8,10,5,0.3532125365382317,0.16431088720651552,0.27565653072554686,0.2842086675902563,0.0,19.047619047619047
294,True,False,FastText,True,256,8,5,2,0.3983396235309597,0.11327058391652874,0.35847710273725825,0.15767463322576775,0.0,0.0
295,False,False,Word2Vec,True,32,8,5,2,0.3247905984117412,0.20338401573912193,0.4128667321180837,0.09954262112954111,0.0,0.0
296,False,False,Word2Vec,True,128,8,5,20,0.45037128025385575,0.06965518432394582,0.46107572179654255,0.062490105796102154,0.0,9.523809523809524
297,False,False,Word2Vec,True,256,20,50,20,0.4764918417576012,0.09972708682535202,0.48051441798774974,0.09649769825534729,23.52941176470588,6.25
298,False,True,FastText,True,128,20,50,5,0.26979600435464046,0.3726916086152194,0.24025720899387487,0.42914187218689703,23.52941176470588,0.0
299,False,True,FastText,True,128,20,10,20,0.2311279689457244,0.37209794041531724,0.32386552040400574,0.20474918256399632,0.0,4.761904761904762
300,False,False,Word2Vec,True,256,2,5,2,0.1610561481055029,0.5368893782443613,0.21632238958282826,0.404323572225992,0.0,0.0
301,False,False,Word2Vec,True,32,2,5,8,0.18896789823232243,0.4676104665277297,0.24598946015418757,0.3412382703128589,0.0,0.0
302,False,False,FastText,True,256,8,10,20,0.22192926938220298,0.39194806785971803,0.35229646303489176,0.16548458262047802,0.0,4.761904761904762
303,False,False,FastText,True,64,20,10,5,0.26614432527902765,0.3018231726932842,0.31892100864211254,0.21214701629043492,0.0,0.0
304,True,False,FastText,True,256,8,5,8,0.3104370513070788,0.22523867284840982,0.35229646303489176,0.16548458262047802,0.0,0.0
305,False,False,FastText,True,256,8,20,20,0.2061131674373001,0.42738566592655436,0.35476871891583833,0.16232996349106865,0.0,0.0
306,True,True,Word2Vec,True,256,20,5,20,0.4247484392825682,0.08923240112622167,0.4314086512251832,0.08380196475695273,0.0,4.761904761904762
307,False,True,FastText,True,64,20,5,5,0.2452227506993126,0.34279332749955166,0.2818371704279134,0.2731052814371888,0.0,0.0
308,True,False,Word2Vec,True,256,8,5,2,0.42574161641051816,0.08840693422783025,0.44871444239180946,0.07081593499269707,0.0,9.523809523809524
309,False,False,FastText,True,256,20,5,5,0.273936549132085,0.2873465115219227,0.3720745100824646,0.14138245680173503,0.0,0.0
310,False,False,Word2Vec,True,128,8,10,20,0.4260296769310632,0.08816855043698638,0.3646577424396248,0.15011857633807937,0.0,4.761904761904762
311,True,False,FastText,True,256,8,5,20,0.2498877550980364,0.3333944296739546,0.3386990556896854,0.18357276364484984,0.0,0.0
312,True,False,FastText,True,32,8,20,2,0.4416729907302497,0.0759078169065214,0.24351720427324094,0.34626707182429683,0.0,0.0
313,False,True,FastText,True,256,20,5,20,0.19836581516460342,0.44533346392995754,0.369602254201518,0.14425464275843936,0.0,4.761904761904762
314,False,False,FastText,True,256,20,20,5,0.24257849591421346,0.3481875049049929,0.3349906718682655,0.18872462207682716,0.0,0.0
315,True,True,FastText,True,128,20,10,20,0.31048404315995387,0.22516476929668056,0.35229646303489176,0.16548458262047802,0.0,0.0
316,False,True,FastText,True,32,2,20,5,0.40123105385177454,0.1104374941732699,0.2904900660112265,0.25801383980025383,0.0,0.0
317,False,False,Word2Vec,True,64,8,50,5,0.3215944086711081,0.28395067912795396,0.2989246670040071,0.3211381120185616,23.52941176470588,6.25
318,False,True,FastText,True,128,8,50,5,0.3012234511653771,0.317248840478387,0.2151140127038182,0.48032169937175884,23.52941176470588,0.0
319,True,False,Word2Vec,True,64,8,50,5,0.3199157244137625,0.2866148837301911,0.3520047480607934,0.2381909982343861,23.52941176470588,12.5
320,True,False,Word2Vec,True,64,20,20,20,0.4763433985170472,0.053234293209311195,0.46478410561796246,0.06013993273619921,0.0,0.0
321,True,True,FastText,True,256,8,20,20,0.2670133359984187,0.30018754401367337,0.37578289390388453,0.1371483446008381,0.0,0.0
322,True,False,FastText,True,64,20,10,20,0.33754513345743337,0.18516573526425187,0.29296232189217314,0.25379918563566767,0.0,0.0
323,False,True,Word2Vec,True,64,8,10,20,0.4313829804429437,0.083822424282146,0.4338809071061298,0.08184849287308218,0.0,0.0
324,False,True,FastText,True,256,8,10,20,0.20993729244565595,0.4186679875980249,0.3609493586182049,0.15462189697809428,0.0,0.0
325,False,False,FastText,True,128,8,10,20,0.2796255405814505,0.2770474460951251,0.35229646303489176,0.16548458262047802,0.0,4.761904761904762
326,True,True,FastText,True,256,8,20,8,0.2848950948664032,0.2677115315122299,0.35229646303489176,0.16548458262047802,0.0,0.0
327,True,True,Word2Vec,True,64,20,20,20,0.44259245743601283,0.07522818466305323,0.4252280115228167,0.0888331197971482,0.0,15.0
328,False,True,Word2Vec,True,128,20,5,20,0.44403751068400704,0.07416906042787433,0.47590925708222215,0.05348241207879802,0.0,9.523809523809524
329,False,True,FastText,True,64,20,10,5,0.2795541155426421,0.2771753348230831,0.30532360129690617,0.2333732997455697,0.0,0.0
330,True,False,FastText,True,128,20,50,5,0.3229571644152762,0.2817984663281693,0.2262887666105101,0.4572322368103827,23.52941176470588,0.0
331,True,False,Word2Vec,True,32,2,5,2,0.3671148854471086,0.1471845413700298,0.39926932477287724,0.11235411160740566,0.0,0.0
332,True,False,Word2Vec,True,256,8,5,20,0.3758671463508845,0.1370531773680423,0.35476871891583833,0.16232996349106865,0.0,4.761904761904762
333,False,False,FastText,True,64,20,50,5,0.2585680179668539,0.39366559438256843,0.19835188184378041,0.5159433095361785,23.52941176470588,0.0
334,False,True,Word2Vec,True,256,8,50,5,0.3491994421959296,0.24221290585302205,0.3017183554806801,0.3164149939883433,23.52941176470588,12.5
335,True,False,Word2Vec,True,32,8,5,2,0.38146210459083574,0.13083508033566957,0.35476871891583833,0.16232996349106865,0.0,0.0
336,True,False,FastText,True,64,20,50,20,0.31136960612076003,0.30040091943081854,0.18717712793708854,0.54032138380796,23.52941176470588,0.0
337,True,True,FastText,True,64,8,10,5,0.3820557606726689,0.13018700776397082,0.2991429615945396,0.2434514545873469,0.0,0.0
338,False,True,FastText,True,256,20,20,20,0.19279129092211975,0.45848140457964703,0.36218548655867816,0.15311070819507402,0.0,5.0
339,False,False,FastText,True,64,8,50,5,0.2972523759292067,0.32398408777418763,0.17320868555372373,0.5714667481008082,23.52941176470588,0.0
340,False,True,FastText,True,32,8,20,8,0.39469488331733116,0.11691431089225542,0.3115042409992727,0.22356413891522944,0.0,0.0
341,False,True,Word2Vec,True,128,8,10,5,0.33320624222819095,0.1912373120325826,0.3077958571778528,0.2294173974746495,0.0,19.047619047619047
342,True,True,FastText,True,256,8,5,20,0.238177928529857,0.3572708310403982,0.35229646303489176,0.16548458262047802,0.0,0.0
343,False,False,FastText,True,32,2,5,5,0.3737727043499614,0.13943249940558974,0.2521700998565541,0.328850890616766,0.0,0.0
344,True,False,FastText,True,64,20,20,5,0.29570395949409106,0.24917579520628985,0.21879464546377486,0.3988412237770148,0.0,0.0
345,True,True,FastText,True,64,20,10,20,0.3212147978453768,0.20869392203151982,0.2768926586660202,0.2819664239709679,0.0,0.0
346,False,False,FastText,True,256,8,10,5,0.28410252963384836,0.2691031629291648,0.32139326452305916,0.20842679544350706,0.0,0.0
347,True,True,FastText,True,256,2,5,5,0.2675703132647927,0.29914200534687213,0.3152126248206926,0.21780742039202328,0.0,0.0
348,True,True,FastText,True,256,8,50,20,0.253051082090067,0.4041903059667419,0.2151140127038182,0.48032169937175884,23.52941176470588,0.0
349,False,True,FastText,True,32,2,5,8,0.3554271316962056,0.16149672359147788,0.26205912338034054,0.30958321926085586,0.0,0.0
350,False,True,FastText,True,256,8,50,5,0.2994804275095162,0.32019539921963575,0.2234950781338371,0.46295395977743314,23.52941176470588,0.0
351,True,True,FastText,True,128,8,5,5,0.3356686618657716,0.18777567439253362,0.29172619395169985,0.2559011137464907,0.0,0.0
352,True,True,Word2Vec,True,128,20,20,5,0.3685941535453067,0.1454372301743236,0.3300461601063723,0.19574094992634922,0.0,25.0
353,True,True,FastText,True,256,8,5,5,0.3068870158526157,0.23086665112920213,0.32386552040400574,0.20474918256399632,0.0,0.0
354,True,True,Word2Vec,True,256,20,5,5,0.31377977728735257,0.22002027399323507,0.33251841598731885,0.19221171028613243,0.0,14.285714285714285
355,False,False,FastText,True,128,20,50,20,0.25033635270255006,0.4094215381446497,0.18717712793708854,0.54032138380796,23.52941176470588,6.25
356,True,False,Word2Vec,True,32,2,5,8,0.16932603435790983,0.515893290368557,0.19159983077336218,0.46131658947466425,0.0,0.0
357,False,False,FastText,True,256,8,5,2,0.3880092252050607,0.12381083078939788,0.29172619395169985,0.2559011137464907,0.0,0.0
358,False,False,FastText,True,128,20,20,5,0.2683817452292419,0.29762271380806943,0.3349906718682655,0.18872462207682716,0.0,0.0
359,False,True,Word2Vec,True,64,8,5,20,0.38917034267795597,0.12259318051659931,0.4017415806538239,0.10994252225902455,0.0,0.0
360,True,False,Word2Vec,True,128,8,5,5,0.4183256137511972,0.09470526290574596,0.4252280115228167,0.0888331197971482,0.0,0.0
361,False,False,Word2Vec,True,64,20,20,5,0.33928278765916636,0.18277040383033158,0.3708383821419913,0.14281358850647122,0.0,0.0
362,True,False,FastText,True,256,20,20,5,0.26308968042188957,0.3076145919882885,0.35724097479678496,0.1592162249095821,0.0,5.0
363,True,False,Word2Vec,True,128,20,5,5,0.332742720521614,0.19189359439124337,0.2793649145469668,0.277514279082947,0.0,19.047619047619047
364,True,True,FastText,True,128,20,20,20,0.3210847762054681,0.20888867654821128,0.34982420715394513,0.1686802459180893,0.0,0.0
365,True,True,FastText,True,32,2,20,5,0.39279490887667784,0.11884607058988222,0.29790683365406634,0.24549942067393601,0.0,0.0
366,False,False,Word2Vec,True,128,20,20,20,0.4576568665960494,0.06471637947633155,0.4845621526655353,0.048697660413097255,0.0,5.0
367,False,False,Word2Vec,True,128,20,50,5,0.360008239813882,0.22693966754424424,0.3659731904441582,0.21876893908315168,23.52941176470588,18.75
368,False,False,Word2Vec,True,256,8,50,5,0.3158783352476159,0.2930814080054026,0.2933372900506612,0.3307016597105358,23.52941176470588,18.75
369,True,True,FastText,True,128,20,5,20,0.3248179347537236,0.203343765141751,0.341171311570632,0.18019052420684087,0.0,0.0
370,False,False,FastText,True,256,20,50,20,0.22360971544673117,0.4627185026718591,0.229082455087183,0.4515447225054908,23.52941176470588,6.25
371,False,False,Word2Vec,True,256,20,20,20,0.4853808344169352,0.048262209322621694,0.44871444239180946,0.07081593499269707,0.0,10.0
372,True,False,Word2Vec,True,32,8,20,5,0.3155712837834913,0.21725576718413236,0.2694758910231803,0.295581408570781,0.0,0.0
373,True,False,FastText,True,256,20,50,20,0.24334364883702317,0.42305358046381486,0.2151140127038182,0.48032169937175884,23.52941176470588,0.0
374,True,True,Word2Vec,True,128,20,20,20,0.4672419094322442,0.05861886350086349,0.442533802689443,0.07527140660912708,0.0,15.0
375,True,True,FastText,True,128,8,50,20,0.30367314969224013,0.31313347994969204,0.2151140127038182,0.48032169937175884,23.52941176470588,0.0
376,False,False,FastText,True,256,8,5,5,0.26967752679065166,0.2952061431985019,0.3152126248206926,0.21780742039202328,0.0,0.0
377,True,True,FastText,True,256,8,10,5,0.3119957479070374,0.22279560181840663,0.30532360129690617,0.2333732997455697,0.0,0.0
378,False,True,FastText,True,32,8,20,2,0.41183408258315535,0.10047716987556633,0.2262114131066147,0.38263701371312364,0.0,0.0
379,False,False,FastText,True,256,8,50,5,0.2857264247248933,0.34397881256032975,0.2234950781338371,0.46295395977743314,23.52941176470588,0.0
380,True,False,FastText,True,128,8,10,20,0.36252753470768223,0.15269433131486357,0.36218548655867816,0.15311070819507402,0.0,0.0
381,False,False,FastText,True,128,20,50,5,0.29289818988760513,0.3314598466717347,0.25143196290056674,0.4073061852615003,23.52941176470588,0.0
382,False,True,FastText,True,64,8,5,5,0.3298854043474092,0.19597189715110763,0.29172619395169985,0.2559011137464907,0.0,0.0
383,True,False,FastText,True,128,8,5,5,0.3250724295829318,0.2029692909126742,0.3152126248206926,0.21780742039202328,0.0,0.0
384,True,True,Word2Vec,True,128,20,5,5,0.4152435281183996,0.09741523229984189,0.38690804536814427,0.12497340819812182,0.0,9.523809523809524
385,False,True,FastText,True,128,20,20,5,0.24159724155853093,0.3502014469367546,0.32633777628495236,0.2011140869817576,0.0,0.0
386,True,True,FastText,True,64,20,5,20,0.31348612192115993,0.220475564629551,0.2768926586660202,0.2819664239709679,0.0,0.0
387,True,True,Word2Vec,True,128,20,10,20,0.48344884020351164,0.04929455076146838,0.4932150482488484,0.04424185129561698,0.0,14.285714285714285
388,True,True,Word2Vec,True,256,8,5,2,0.43671282946617906,0.07965169372512158,0.5191737349987878,0.032708109928718684,0.0,0.0
389,False,True,FastText,True,256,2,20,5,0.2582393579589678,0.3169447549649925,0.32139326452305916,0.20842679544350706,0.0,0.0
390,False,False,FastText,True,64,8,20,5,0.32495733366297513,0.2031385920645625,0.29172619395169985,0.2559011137464907,0.0,0.0
391,False,False,Word2Vec,True,64,20,50,5,0.257828575549425,0.39506792361403975,0.22070138965716413,0.4687096259462916,23.52941176470588,12.5
392,False,False,Word2Vec,True,256,20,5,20,0.47500943359417963,0.05399942603007961,0.4561312100346493,0.06572852361858994,0.0,0.0
393,False,True,Word2Vec,True,256,20,20,5,0.36242861218124256,0.1528146708132439,0.398033196832404,0.11357380217556456,0.0,5.0
394,True,False,FastText,True,64,8,5,5,0.38334559266588236,0.12878663975482146,0.30037908953501297,0.2414142723912359,0.0,0.0
395,False,True,Word2Vec,True,128,8,20,5,0.3934705513691722,0.11815657699170891,0.385671917427671,0.1262875100692474,0.0,20.0
396,False,False,FastText,True,256,2,5,5,0.25747010095786005,0.3184396144833091,0.27194814690412694,0.29100002915040424,0.0,0.0
397,True,True,Word2Vec,True,256,8,50,5,0.3041435630260982,0.31234666998690686,0.2598130283305856,0.3913103104854949,23.52941176470588,0.0
398,False,False,FastText,True,256,8,20,5,0.27742565450306234,0.28100293515273156,0.3300461601063723,0.19574094992634922,0.0,0.0
399,True,False,Word2Vec,True,128,8,50,5,0.3143221045928499,0.2955961292561992,0.2989246670040071,0.3211381120185616,23.52941176470588,12.5
400,False,False,FastText,True,128,8,5,5,0.2976841072522589,0.24586957148802022,0.3152126248206926,0.21780742039202328,0.0,0.0
401,True,True,FastText,True,256,8,50,5,0.269994604541542,0.37232605763429905,0.2151140127038182,0.48032169937175884,23.52941176470588,0.0
402,True,False,FastText,True,256,2,5,5,0.23488980216242913,0.36414425286353175,0.30037908953501297,0.2414142723912359,0.0,0.0
403,True,False,Word2Vec,True,128,20,20,5,0.40566568060904756,0.1061902692927871,0.37454676596341124,0.13854986038491204,0.0,20.0
404,False,True,Word2Vec,True,128,8,20,20,0.4738776461990884,0.05465500861308763,0.4734370012012756,0.05491184990667918,0.0,0.0
405,True,True,FastText,True,32,2,5,2,0.4308086000336826,0.0842811505203058,0.3349906718682655,0.18872462207682716,0.0,0.0
406,False,False,FastText,True,128,20,20,20,0.26969145293845853,0.2951802357297137,0.36712999832057136,0.1471666177374228,0.0,5.0
407,True,False,Word2Vec,True,64,20,5,20,0.4151778101862921,0.09747361311422388,0.43635316298707644,0.07992829197265709,0.0,14.285714285714285
408,True,False,FastText,True,128,20,5,20,0.3263416479290323,0.20110842758180844,0.35229646303489176,0.16548458262047802,0.0,0.0
409,False,True,Word2Vec,True,64,20,50,5,0.2689376578151345,0.3742736998568404,0.2933372900506612,0.3307016597105358,23.52941176470588,6.25
410,True,False,Word2Vec,True,64,20,50,5,0.40910206669229143,0.16511632583757338,0.458164910174366,0.11537214331419238,23.52941176470588,0.0
411,True,True,Word2Vec,True,256,8,5,20,0.4143632973371807,0.09819926804006522,0.4017415806538239,0.10994252225902455,0.0,0.0
412,False,False,Word2Vec,True,64,20,10,5,0.3081845611346912,0.22879933765614296,0.3733106380229379,0.13996122255697607,0.0,0.0
413,False,False,FastText,True,64,8,10,20,0.34969436397023845,0.16884921999412858,0.28430942630886,0.2687394538044364,0.0,0.0
414,False,True,FastText,True,256,2,5,5,0.2503404784546269,0.3324903075148881,0.27194814690412694,0.29100002915040424,0.0,0.0
415,False,True,FastText,True,256,2,20,2,0.34466605903181013,0.17548056094820408,0.24104494839229437,0.35133788656123344,0.0,0.0
416,True,False,Word2Vec,True,256,20,5,5,0.3692560611799068,0.14466000993303824,0.34487969539205193,0.17519533225678144,0.0,23.809523809523807
417,True,True,Word2Vec,True,256,8,20,20,0.3463011414955377,0.1733054274646949,0.39185255713003747,0.11981244924243752,0.0,0.0
418,False,True,FastText,True,64,8,10,5,0.3511817294052155,0.1669204081001189,0.3164487527611659,0.21590992950317572,0.0,0.0
419,False,False,Word2Vec,True,32,8,20,2,0.3362778815466634,0.1869256754323864,0.3461158233325252,0.17355104320921022,0.0,0.0
420,True,False,FastText,True,256,8,20,20,0.24297527756452536,0.34737502048592506,0.36218548655867816,0.15311070819507402,0.0,0.0
421,False,True,FastText,True,32,8,5,8,0.3629782697987888,0.15214682822785514,0.23733656457087446,0.3590225874276378,0.0,0.0
422,True,True,Word2Vec,True,256,2,5,8,0.2374514041686547,0.3587832018834606,0.1384463293330101,0.5961726559936095,0.0,0.0
423,False,True,FastText,True,128,8,20,5,0.2801905642984373,0.27603702321095835,0.29172619395169985,0.2559011137464907,0.0,0.0
424,False,False,FastText,True,128,8,20,5,0.2892198585150239,0.2601960623484883,0.29172619395169985,0.2559011137464907,0.0,0.0
425,False,False,Word2Vec,True,256,8,10,20,0.48397306500643644,0.04901281307615062,0.5179376070583145,0.03319864138311652,0.0,4.761904761904762
426,False,False,Word2Vec,True,128,20,10,5,0.3714314616558173,0.14212571174673858,0.385671917427671,0.1262875100692474,0.0,14.285714285714285
427,False,False,Word2Vec,True,64,20,5,20,0.4324258283103086,0.08299418728587223,0.4066860924157171,0.10522962591810442,0.0,9.523809523809524
428,True,True,Word2Vec,True,256,8,5,8,0.2990519851150998,0.2436018130143845,0.27318427484460023,0.2887254752337663,0.0,14.285714285714285
429,False,True,Word2Vec,True,256,8,20,5,0.3245469798371778,0.20374295420302116,0.3077958571778528,0.2294173974746495,0.0,0.0
430,True,False,Word2Vec,True,256,20,5,20,0.4988790171957948,0.04149662139240628,0.49815956001074163,0.04183798394270051,0.0,0.0
431,False,True,Word2Vec,True,32,2,5,2,0.16686545687934784,0.5221002003856979,0.20272498223762192,0.4351879430697284,0.0,0.0
432,False,True,FastText,True,32,2,5,2,0.4055620672845439,0.10628816055716069,0.2496978439756075,0.333774118907858,0.0,0.0
433,False,False,FastText,True,256,2,5,8,0.23256809305440704,0.36904175047344484,0.32139326452305916,0.20842679544350706,0.0,0.0
434,False,True,FastText,True,128,8,5,20,0.30065061894229067,0.24096822660332745,0.3152126248206926,0.21780742039202328,0.0,0.0
435,False,True,FastText,True,256,20,10,20,0.22669373632754128,0.38159592914707774,0.36342161449915145,0.15160960895351755,0.0,0.0
436,True,True,Word2Vec,True,32,8,5,5,0.370472141804674,0.14323950893030182,0.3720745100824646,0.14138245680173503,0.0,0.0
437,True,True,Word2Vec,True,64,20,10,5,0.36501133781799444,0.14969391366092044,0.37949127772530444,0.13300261432328145,0.0,0.0
438,True,False,Word2Vec,True,256,2,5,2,0.22783411571073842,0.3791406463310054,0.29667070571359305,0.24755817405382208,0.0,0.0
439,False,False,FastText,True,64,20,20,5,0.26723766620737505,0.29976617692485963,0.255878483677974,0.32154562935351005,0.0,0.0
440,False,True,Word2Vec,True,256,8,5,20,0.4751991074913634,0.05389013542940984,0.4808537688441154,0.050707176700955855,0.0,0.0
441,False,True,FastText,True,128,20,5,5,0.24554032055935332,0.3421487337674831,0.3115042409992727,0.22356413891522944,0.0,0.0
442,False,True,FastText,True,64,20,5,20,0.27597971069861715,0.2836214028184157,0.22744754104708798,0.37997197979146813,0.0,4.761904761904762
443,False,False,Word2Vec,True,64,8,5,20,0.42598589321520797,0.08820475361879741,0.42399188358234335,0.08986492074151081,0.0,0.0
444,False,False,FastText,True,256,20,10,20,0.1952913899577645,0.4525607739823101,0.34858807921347185,0.17029351877760016,0.0,4.761904761904762
445,False,True,Word2Vec,True,32,2,5,5,0.19232888295338627,0.45958070452433025,0.12361279404733043,0.6364506783338719,0.0,0.0
446,True,False,Word2Vec,True,256,8,10,5,0.31504769529082866,0.21806140083054548,0.2694758910231803,0.295581408570781,0.0,0.0
447,False,False,Word2Vec,True,64,8,10,5,0.29926599233695866,0.2432482124259881,0.24722558809466086,0.3387396645247852,0.0,9.523809523809524
448,False,True,FastText,True,128,20,50,20,0.25484385017556904,0.40075454655096066,0.229082455087183,0.4515447225054908,23.52941176470588,6.25
449,True,False,FastText,True,128,20,10,20,0.34256539399782077,0.17830171136425968,0.35229646303489176,0.16548458262047802,0.0,0.0
450,True,True,FastText,True,32,2,5,8,0.3857066139587497,0.1262504940630267,0.32757390422542565,0.19931245314233148,0.0,0.0
451,False,False,Word2Vec,True,32,8,20,8,0.3039619691508727,0.2355704508335489,0.2904900660112265,0.25801383980025383,0.0,0.0
452,True,True,Word2Vec,True,128,8,20,5,0.4354810345984679,0.08060189421077894,0.44747831445133623,0.0716911436859737,0.0,20.0
453,True,False,Word2Vec,True,256,2,20,5,0.18222718473118998,0.4839221319848082,0.1384463293330101,0.5961726559936095,0.0,0.0
454,True,True,FastText,True,128,20,20,5,0.32835197728542537,0.19818385879280834,0.3152126248206926,0.21780742039202328,0.0,0.0
455,True,False,Word2Vec,True,64,8,5,20,0.4297625122378898,0.08512127044007314,0.41039447623713704,0.10179043716713208,0.0,0.0
456,True,False,Word2Vec,True,128,8,10,5,0.40479526729593474,0.10701460535230609,0.3399351836301587,0.1818764214684005,0.0,0.0
457,True,True,Word2Vec,True,32,8,5,8,0.3489204849102576,0.16985868184966166,0.32139326452305916,0.20842679544350706,0.0,0.0
458,True,False,FastText,True,32,8,20,8,0.41872953200026597,0.09435416259020929,0.30037908953501297,0.2414142723912359,0.0,0.0
459,True,True,FastText,True,256,8,20,2,0.3939946850035713,0.11762363648800135,0.30532360129690617,0.2333732997455697,0.0,0.0
460,True,False,FastText,True,256,2,5,8,0.22263323741041768,0.3904089749555386,0.29790683365406634,0.24549942067393601,0.0,0.0
461,True,True,Word2Vec,True,256,8,5,5,0.3505184273702621,0.1677787359921767,0.2806010424874401,0.27530438526693324,0.0,9.523809523809524
462,False,False,Word2Vec,True,64,20,20,20,0.43204957961574997,0.08329231927561191,0.4066860924157171,0.10522962591810442,0.0,0.0
463,True,True,FastText,True,64,20,50,20,0.3085267488533638,0.30506907608214195,0.18717712793708854,0.54032138380796,23.52941176470588,0.0
464,True,False,FastText,True,128,20,20,20,0.3034394531497623,0.23641705896839804,0.3152126248206926,0.21780742039202328,0.0,5.0
465,True,False,FastText,True,128,8,5,20,0.32742537451191517,0.19952837230881182,0.36218548655867816,0.15311070819507402,0.0,0.0
466,True,True,Word2Vec,True,64,8,20,20,0.37172801370390457,0.14178261484892948,0.39926932477287724,0.11235411160740566,0.0,10.0
467,False,True,FastText,True,256,8,50,20,0.21324847773498756,0.484228391017746,0.229082455087183,0.4515447225054908,23.52941176470588,0.0
468,True,False,Word2Vec,True,256,20,10,20,0.5533461833870215,0.021211808578673202,0.6019943070104992,0.010560365843838888,0.0,0.0
469,True,False,FastText,True,256,2,20,5,0.2433880009861283,0.3465310398333473,0.312740368939746,0.22163451653898986,0.0,0.0
470,True,False,FastText,True,64,20,5,5,0.3401932591787965,0.18152358211951347,0.29667070571359305,0.24755817405382208,0.0,0.0
471,False,True,Word2Vec,True,64,20,20,20,0.4512130551998108,0.06907083618517762,0.4660202335584357,0.059371309894850385,0.0,0.0
472,False,False,Word2Vec,True,32,8,5,5,0.23155206136427967,0.37119648758951923,0.14215471315443,0.586268583731725,0.0,4.761904761904762
473,True,True,Word2Vec,True,64,20,5,5,0.4020856050957234,0.10960986593677605,0.44871444239180946,0.07081593499269707,0.0,4.761904761904762
474,False,False,Word2Vec,True,256,8,5,2,0.34896117551491884,0.16980550363303315,0.38319966154672436,0.12894454888851256,0.0,0.0
475,True,False,FastText,True,64,8,10,5,0.37950890355529565,0.13298311970111534,0.29296232189217314,0.25379918563566767,0.0,0.0
476,False,True,FastText,True,256,8,20,2,0.37317540159784496,0.1401162288164061,0.24228107633276766,0.3487972357694308,0.0,0.0
477,True,True,Word2Vec,True,64,20,5,20,0.4514962760030475,0.06887504097622144,0.4870344085464819,0.04739161686490926,0.0,4.761904761904762
478,False,False,Word2Vec,True,256,8,50,20,0.4142444044534343,0.15934826410727995,0.4525775332210202,0.12045171978320672,23.52941176470588,18.75
479,False,False,Word2Vec,True,32,2,20,5,0.1995994114731637,0.44245021576706334,0.2249752851661414,0.38531227745703467,0.0,0.0
480,True,True,FastText,True,32,8,20,5,0.4360640343662908,0.08015114970866584,0.28430942630886,0.2687394538044364,0.0,0.0
481,False,True,Word2Vec,True,64,8,50,5,0.3318556694379477,0.26797874995954823,0.28495622462064235,0.34533840958362305,23.52941176470588,6.25
482,True,True,FastText,True,64,8,20,20,0.3546579059598961,0.1624704853873117,0.3102681130587994,0.22550448823276031,0.0,0.0
483,True,True,FastText,True,64,20,20,20,0.3242199381619959,0.20422545388489227,0.2768926586660202,0.2819664239709679,0.0,0.0
484,False,True,Word2Vec,True,256,2,20,2,0.1779529777373671,0.49440630024031895,0.18171080724957572,0.4851829809184859,0.0,0.0
485,False,False,FastText,True,128,8,50,20,0.30654481554840873,0.30834774468488935,0.2151140127038182,0.48032169937175884,23.52941176470588,0.0
486,True,False,Word2Vec,True,32,8,20,8,0.3361500294625674,0.1871038465817297,0.32262939246353245,0.20658266852840249,0.0,0.0
487,False,False,Word2Vec,True,256,8,5,5,0.31341784961107605,0.22058150235410473,0.3597132306777316,0.15614319789758951,0.0,4.761904761904762
488,True,False,Word2Vec,True,64,8,5,5,0.3152056347204066,0.2178181808123752,0.2595868674993939,0.3143361621394294,0.0,0.0
489,True,True,Word2Vec,True,64,8,50,20,0.3227631669627851,0.2821042687520631,0.3631795019674853,0.22257287415981278,23.52941176470588,18.75
490,True,False,FastText,True,128,8,50,20,0.31196372060505995,0.29943052131941134,0.2151140127038182,0.48032169937175884,23.52941176470588,0.0
491,True,True,FastText,True,256,2,20,2,0.37601013719544746,0.13689176665514735,0.3300461601063723,0.19574094992634922,0.0,0.0
492,False,True,FastText,True,256,8,5,8,0.26002737056079445,0.3134861601208708,0.32881003216589894,0.19752141181421173,0.0,0.0
493,True,False,FastText,True,32,2,5,8,0.4031543115303142,0.10858101781373132,0.3646577424396248,0.15011857633807937,0.0,0.0
494,False,False,Word2Vec,True,256,8,20,8,0.38145672032991546,0.13084096836603062,0.38938030124909084,0.12237389697242082,0.0,5.0
495,False,False,FastText,True,256,2,20,8,0.2446883365994284,0.34387963318636944,0.32139326452305916,0.20842679544350706,0.0,0.0
496,False,True,FastText,True,256,8,20,20,0.2029927536347987,0.434568657064849,0.3609493586182049,0.15462189697809428,0.0,0.0
497,False,True,FastText,True,64,20,10,20,0.2972467612007056,0.2465974195088605,0.26823976308270703,0.2978882212965188,0.0,4.761904761904762
498,True,True,Word2Vec,True,256,2,5,2,0.16434276136846487,0.5284992802079003,0.22250302928519478,0.3906934020932482,0.0,0.0
499,True,False,FastText,True,32,2,5,5,0.3914218331375761,0.12025598468262894,0.3040874733564328,0.23536738880917668,0.0,0.0
500,False,True,FastText,True,32,8,5,5,0.3575611098679008,0.15881600441682842,0.2299197969280346,0.37467269099919065,0.0,0.0
501,True,False,FastText,True,64,8,20,20,0.3685481614520405,0.14549134081202483,0.29296232189217314,0.25379918563566767,0.0,0.0
502,False,False,Word2Vec,True,128,8,50,20,0.37189820353815006,0.21083434859095887,0.2989246670040071,0.3211381120185616,23.52941176470588,0.0
503,True,True,Word2Vec,True,64,8,10,5,0.3467053188051856,0.1727705488613853,0.4005054527133506,0.11114369540383161,0.0,0.0
504,True,False,Word2Vec,True,64,8,10,5,0.2994081865677387,0.24301344597868596,0.28307329836838674,0.27091697022023004,0.0,0.0
505,True,False,Word2Vec,True,128,20,10,5,0.4009837265912105,0.11067785143351154,0.4375892909275497,0.07898057596372604,0.0,28.57142857142857
506,True,True,Word2Vec,True,256,8,20,5,0.37149161132903186,0.1420560752761556,0.2904900660112265,0.25801383980025383,0.0,10.0
507,True,True,Word2Vec,True,128,8,50,5,0.353548496322809,0.23599507425426988,0.2598130283305856,0.3913103104854949,23.52941176470588,12.5
508,True,True,Word2Vec,True,32,2,20,5,0.2299682366649494,0.37456927106833,0.20272498223762192,0.4351879430697284,0.0,0.0
509,False,True,Word2Vec,True,64,8,10,5,0.366498480521339,0.1479168618195075,0.33746292774921205,0.18527956715984054,0.0,14.285714285714285
510,False,True,FastText,True,256,20,20,5,0.24419264901979895,0.34488897684526865,0.3349906718682655,0.18872462207682716,0.0,0.0
511,True,True,FastText,True,256,8,5,8,0.3012524731631518,0.23998140486046274,0.3152126248206926,0.21780742039202328,0.0,0.0
512,True,False,FastText,True,256,2,20,2,0.3860463541790158,0.12588844166970498,0.32139326452305916,0.20842679544350706,0.0,0.0
513,False,True,Word2Vec,True,256,8,10,5,0.3292331812623653,0.19691073705929568,0.33128228804684556,0.1939710540270862,0.0,9.523809523809524
514,True,True,Word2Vec,True,256,2,20,2,0.17159522738193989,0.5101997399912299,0.31397649688021934,0.21971561315051344,0.0,0.0
515,True,True,Word2Vec,True,128,20,10,5,0.429625543102658,0.08523171826096787,0.3906164291895642,0.1210884297916715,0.0,9.523809523809524
516,True,True,Word2Vec,True,256,20,50,20,0.42624565230032296,0.14639870022014834,0.46654597560438493,0.10802600993063873,23.52941176470588,12.5
517,True,False,FastText,True,64,20,5,20,0.3241463586922237,0.20433411156168488,0.2768926586660202,0.2819664239709679,0.0,0.0
518,True,True,Word2Vec,True,32,2,5,8,0.19459501353354025,0.45420600305489084,0.1693495278448427,0.515834192866915,0.0,0.0
519,True,True,FastText,True,256,20,10,20,0.23746171123278056,0.35876172098958187,0.3609493586182049,0.15462189697809428,0.0,0.0
520,False,False,Word2Vec,True,128,8,50,5,0.2834190217877273,0.3480607042259775,0.2737814707139504,0.3653922768997635,23.52941176470588,18.75
521,False,True,FastText,True,128,20,5,20,0.2562521623055097,0.3208148155832704,0.369602254201518,0.14425464275843936,0.0,4.761904761904762
522,True,False,FastText,True,32,2,20,8,0.375545352377721,0.13741690495957012,0.30037908953501297,0.2414142723912359,0.0,0.0
523,True,False,FastText,True,256,20,20,20,0.23074788720535416,0.3729068757984726,0.36218548655867816,0.15311070819507402,0.0,5.0
524,False,True,Word2Vec,True,32,8,5,2,0.34099704555586174,0.18042756567111812,0.34735195127299856,0.17191711157059128,0.0,0.0
525,False,False,FastText,True,32,8,5,2,0.42726149099884003,0.08715439679838542,0.2954345777731197,0.24962771770731426,0.0,0.0
526,False,True,Word2Vec,True,32,8,20,2,0.32989488954303386,0.19595826543308884,0.36712999832057136,0.1471666177374228,0.0,0.0
527,True,True,Word2Vec,True,256,8,20,2,0.41663455519940873,0.09618536897264746,0.483326024725062,0.0493607317199952,0.0,0.0
528,False,False,FastText,True,256,20,10,5,0.25521398494769554,0.32284761074932616,0.3658938703800981,0.14863758711556335,0.0,0.0
529,False,False,Word2Vec,True,256,2,5,5,0.17178170612105453,0.5097331663346847,0.09270959553549782,0.7234145755527628,0.0,0.0
530,True,False,Word2Vec,True,256,2,5,8,0.24468611776420468,0.34388414752087787,0.17800242342815584,0.4942843969087176,0.0,0.0
531,True,True,FastText,True,256,20,50,5,0.21762494897482842,0.47508677542073313,0.2262887666105101,0.4572322368103827,23.52941176470588,0.0
532,False,True,Word2Vec,True,32,8,20,5,0.32345755936599047,0.20535311479618262,0.3040874733564328,0.23536738880917668,0.0,0.0
533,False,False,FastText,True,64,8,20,20,0.35775380354707204,0.15857543518394485,0.31768488070163925,0.21402313132276124,0.0,0.0
534,True,True,Word2Vec,True,64,8,5,5,0.24207126605218288,0.34922772666873647,0.22373915722566812,0.3879977480574588,0.0,0.0
535,False,False,Word2Vec,True,32,2,5,5,0.26546337658872743,0.3031085407393761,0.26700363514223374,0.30020577343604743,0.0,0.0
536,True,False,FastText,True,64,20,10,5,0.331852672284983,0.193157932967202,0.30037908953501297,0.2414142723912359,0.0,0.0
537,True,True,Word2Vec,True,256,20,10,5,0.39578313714539615,0.11581784835935559,0.38196353360625107,0.1302875420473077,0.0,23.809523809523807
538,True,False,Word2Vec,True,128,8,20,5,0.4033848769897315,0.10835995159470711,0.37454676596341124,0.13854986038491204,0.0,0.0
539,False,False,FastText,True,256,8,50,20,0.22563815684100028,0.4585616975701495,0.2151140127038182,0.48032169937175884,23.52941176470588,0.0
540,True,True,Word2Vec,True,64,20,10,20,0.41776088303580333,0.09519771675000487,0.44006154680849635,0.07710972713996997,0.0,0.0
541,True,True,Word2Vec,True,128,8,5,20,0.450458013436848,0.0695948081350799,0.48208989678458875,0.05003055694166164,0.0,14.285714285714285
542,False,True,Word2Vec,True,256,8,20,20,0.4435732485281064,0.07450813602228608,0.42770026740376327,0.08679519537478221,0.0,10.0
543,True,False,FastText,True,256,8,20,5,0.2970316321654672,0.24695594101496293,0.29172619395169985,0.2559011137464907,0.0,0.0
544,True,False,Word2Vec,True,64,8,20,5,0.3454550990847952,0.17442864447105816,0.28307329836838674,0.27091697022023004,0.0,10.0
545,True,True,FastText,True,256,8,5,2,0.40947087219303285,0.10263939970437534,0.2991429615945396,0.2434514545873469,0.0,0.0
546,True,False,FastText,True,64,8,5,20,0.3593745273147851,0.15656180758426338,0.31892100864211254,0.21214701629043492,0.0,4.761904761904762
547,False,True,Word2Vec,True,256,2,20,5,0.23299753353859654,0.3681331194479469,0.25835073955892063,0.3167286548178637,0.0,0.0
548,False,False,Word2Vec,True,128,20,5,5,0.37153255170265387,0.1420086912130501,0.4116306041776104,0.10066205365350644,0.0,0.0
549,True,False,FastText,True,32,8,20,5,0.45131081860596434,0.06900320454757426,0.32633777628495236,0.2011140869817576,0.0,0.0
550,False,False,Word2Vec,True,128,20,5,20,0.47593393632906855,0.05346828436895911,0.5092847114750014,0.036791756347854254,0.0,0.0
551,False,False,Word2Vec,True,256,8,20,2,0.3486948763821096,0.1701537305809446,0.4066860924157171,0.10522962591810442,0.0,0.0
552,False,False,FastText,True,64,8,10,5,0.32684840991520975,0.20036856293257108,0.30037908953501297,0.2414142723912359,0.0,0.0
553,False,True,FastText,True,128,8,10,20,0.2703331448564929,0.2939879457539619,0.3609493586182049,0.15462189697809428,0.0,4.761904761904762
554,False,True,Word2Vec,True,128,20,50,5,0.2603545840641499,0.390288097240233,0.2933372900506612,0.3307016597105358,23.52941176470588,0.0
555,False,True,Word2Vec,True,128,8,5,5,0.3018005042463611,0.23908505579411526,0.2904900660112265,0.25801383980025383,0.0,9.523809523809524
556,True,False,FastText,True,256,8,10,5,0.31116811728664856,0.2240906899405648,0.29172619395169985,0.2559011137464907,0.0,0.0
557,False,True,Word2Vec,True,128,8,10,20,0.4424972511939194,0.07529835012126336,0.42028349976092344,0.09301210384782742,0.0,0.0
558,True,True,FastText,True,128,8,5,20,0.3446337243612528,0.17552375839740783,0.3560048468563117,0.16076799456829696,0.0,0.0
559,False,True,Word2Vec,True,256,8,20,2,0.32460065791690096,0.20366383149759987,0.4017415806538239,0.10994252225902455,0.0,0.0
